URL,Name,Content
https://tardis.fandom.com/ru/wiki/%D0%9C%D1%83%D1%82%D0%B0%D0%BD%D1%82%D1%8B,"
					Мутанты				","Мутанты The Mutants Доктор Кто : 9 сезон 4 серия Доктор: Третий Доктор Спутники: Джо Грант Враги: Маршал Солоса , Ейгер Место: Небесная База Один и Солос - 30 век Небольшая сцена : Земля - Англия - штаб UNIT - 1970-е Производственная информация Автор: Боб Бейкер Дэйв Мартин Режиссёр: Кристофер Барри Продюсер: Барри Леттс Номер: 63 Дата выхода: 8 апреля - 13 мая 1972 Формат: 6 эпизодов по 25 мин. Официальный трейлер Доктор Кто ← Предыдущее Следующее → Морские дьяволы Временной монстр Мутанты — 4 серия 9 сезона сериала « Доктор Кто », состоящая из 6 эпизодов, показанных в период с 8 апреля по 13 мая 1972 года. Сюжет рассказывает о миссии Третьего Доктора и Джо Грант на космическую станцию над планетой Солос , где назревает конфликт между деспотическим правлением с Земли и местными «мутантами». Повелители Времени посылают Доктору и Джо капсулу с важным сообщением, с условием, что её сможет открыть только тот, кому она адресована. Они прибывают на земную космическую колониальную станцию над негостеприимной планетой Солос, которая населена расой, называемой мутантами, и атмосфера которой ядовита. Они выясняют, что Солос находится под тираническим гнётом Маршала, который планирует преобразовать атмосферу планеты в пригодную для жизни людей, убив при этом всех её жителей. следует дополнить следует дополнить следует дополнить следует дополнить следует дополнить следует дополнить "
https://tardis.fandom.com/ru/wiki/%D0%9F%D0%B0%D0%BB%D0%B0%D1%87_%D0%91%D1%80%D0%B8%D1%81%D0%B1%D0%B5%D0%BD%D0%B0,"
					Палач Брисбена				","Палач Брисбена The Butcher of Brisbane Big Finish : 161 ежемесячный релиз Доктор: Пятый Доктор Спутники: Нисса , Тиган , Турлоу Враги: Магнус Грил , Са Йй Финдекер , мистер Син Место: Земля - Австралия : Смертельная зона Брисбена , Китай : Пекин , Исландия : Рейкьявик , Космическая станция корреспонденции - 51 век ТАРДИС Доктора Производственная информация Издатель: Big Finish Productions Автор: Марк Платт Режиссёр: Кен Бентли Продюсер: Дэвид Ричардсон Композитор: Fool Circle Productions Номер: 161 Дата выхода: июнь 2012 Формат: 4 эпизода по 25 мин. Ежемесячные релизы Big Finish ← Предыдущее Следующее → Сближение Юпитера Защитить и выжить Палач Брисбена — 161 ежемесячный релиз от компании Big Finish Productions , завершивший третью трилогию путешествий Пятого Доктора с Тиган , Турлоу и постаревшей Ниссой , которые начались в аудиопьесе « Паутина » (2010). Сюжет является одновременно приквелом и сиквелом к серии « Когти Венг-Чанга » (1977), раскрывая подробности того, как Магнус Грил и мистер Син переместились на нестабильном прототипе машины времени из 51 века в 19-ый. История также показывает глубокое политическое исследование Земли 51 века и экспериментов с путешествиями во времени. Под прозвищем Венг-Чанг военный преступник 51 века по имени Магнус Грил однажды прибудет в викторианский Лондон во временном кабинете, и там его ждёт погибель, когда все его планы разрушит Доктор. И Доктор никогда не думал, что встретит Грила снова. Однако когда ТАРДИС приносит путешественников в родной город Тиган в отдалённом будущем, всё начинает идти ужасно неправильно. Вскоре Доктор и его спутники попадают прямо в звёздный час Грила в мире на грани войны. Когда Доктор оказывается в руках инопланетного учёного по имени Финдекер и его армии мутантов, Ниссе, Тиган и Турлоу предстоит узнать, почему Грила на самом деле прозвали «палачом Брисбена»… "
https://tardis.fandom.com/ru/wiki/%D0%9E%D1%85%D1%80%D0%B0%D0%BD%D0%BD%D0%B8%D0%BA_(%D0%9D%D0%B5%D0%B2%D0%BE%D0%B7%D0%BC%D0%BE%D0%B6%D0%BD%D0%B0%D1%8F_%D0%BF%D0%BB%D0%B0%D0%BD%D0%B5%D1%82%D0%B0),"
					Охранник (Невозможная планета)				","Охранник Male guard Раса: Человек Планета: Земля Занятие: Охранник Появления ТВ: Невозможная планета (2006) Актёр: Кристиан Артур Охранник — участник Экспедиции Уокера на планете Кроп Тор у орбиты чёрной дыры в 42-м веке. Он руководил удами вместе с Дэнни Бартоком на Базе 6 . После того, как удами овладел Зверь , они вышли из-под контроля, и охранник уже думал пристрелить их, однако один из удов поднялся и убил его своей сферой-переводчиком, бросив её в лоб. ( ТВ: Невозможная планета ) "
"https://tardis.fandom.com/ru/wiki/%D0%A1%D0%BF%D0%B8%D1%81%D0%BE%D0%BA_%D0%B0%D0%BA%D1%82%D1%91%D1%80%D0%BE%D0%B2,_%D1%81%D1%8B%D0%B3%D1%80%D0%B0%D0%B2%D1%88%D0%B8%D1%85_%D0%BD%D0%B5%D0%B1%D0%BE%D0%BB%D1%8C%D1%88%D0%B8%D0%B5_%D1%80%D0%BE%D0%BB%D0%B8","
					Список актёров, сыгравших небольшие роли				","В список включены исполнившие небольшие роли малоизвестные актёры, фильмография которых за пределами « Доктора Кто » либо мала, либо пуста. "
https://tardis.fandom.com/ru/wiki/%D0%9C%D0%BE%D1%80%D1%80%D0%B8%D1%81_%D0%91%D1%8D%D1%80%D1%80%D0%B8,"
					Моррис Бэрри				","Моррис Бэрри Morris Barry Рождение: 9 февраля 1918 Смерть: 20 ноября 2000 Роль: Толланд Работа: Режиссёр Актёр Карьера Другие работы: Z Cars (1962-72) Compact (1963-65) The Newcomers (1965-66) Дракула (1977) Семёрка Блейка (1979) Джейн Эйр (1983) Моррис Бэрри (9 февраля 1918 - 20 ноября 2000) — британский продюсер, режиссёр и актёр, снявший в « Докторе Кто » серии « Лунная база » (1967), « Гробница киберлюдей » (1967) и « Доминаторы » (1968), а также сыгравший Толланда в серии « Существо из Ямы » (1979). Также работал над фильмами и сериалами « Starr and Company » (1958), « Softly Softly » (1967), « Angels » (1975), « Poldark » (1975-76), « Спасибо за покупку » (1979), « Tales of the Unexpected » (1980), « Все существа, большие и малые » (1980), « День триффидов » (1981), « Nanny » (1983), « Hi-de-Hi! » (1984), « Mapp & Lucia » (1986) и др. "
https://tardis.fandom.com/ru/wiki/%D0%9C%D1%8D%D1%82%D1%82_%D0%9A%D1%80%D0%B5%D0%B9%D0%BD,"
					Мэтт Крейн				","Мэтт Крейн Matt Crane Раса: Человек Планета: Земля Занятие: Сотрудник Торчвуда Один Появления ТВ: Армия призраков Актёр: Оливер Меллор Мэтт Крейн — техник, который работал на Торчвуд Один в 2007 году. Адеола Ошоди привела Мэтта в место, где проводились ремонтные работы, и там его превратили в киберчеловека . Его модернизировали, связав соединительной тканью устройство в виде наушника с мозгом. Когда Десятый Доктор понял, почему Мэтт, Адеола и несколько других сотрудников не подчиняются приказам, он перезагрузил наушник Адеолы, тем самым окончательно убив Мэтта, Адеолу и остальных, сказав перед этим, что технически они уже мертвы. ( ТВ: Армия призраков ) "
https://tardis.fandom.com/ru/wiki/%D0%9D%D0%B0%D1%83%D1%87%D0%BD%D1%8B%D0%B9_%D0%B8%D0%BD%D1%81%D1%82%D0%B8%D1%82%D1%83%D1%82_Ides,"
					Научный институт Ides				","Научный институт Ides - земная организация, созданная в 1700 году. Первоначально распологалась по адресу Бейкер-стрит 107 , почтовый индекс W1U 65P (АУДИО: Беглецы ) . Позже, в другой временной линии, на Харли-стрит . (АУДИО: Глаза Мастера ) Котрис , будущее воплощение Страксуса, основал научный институт Ides на Бейкер-стрит 107 . 6 июля 1970 года усовершенствованный экспериментальный компьютер с голосовой активацией VSAI 001 сообщает своей создательнице и оператору, доктору Салли Армстронг , что у него есть сообщение для неё. Послание содержит средства и инструкции о том, как построить устройство и сообщение от некого «Доктора», профинансировавшего институт на миллиард фунтов стерлингов. Доктор позже посетил институт вместе с Молли О'Салливан , где они встретили Салли Армстронг, уже построившую устройство в соответствии с полученными ею инструкциями. Доктор ничего не знает об этом – он предполагает, что когда-нибудь в будущем создаст этот институт. Построенное устройство оказывается пространственно-временным порталом. Оно активируется, позволяя появится далекам . (АУДИО: Беглецы ) После того, как Страксус был убит, а Котрис стёрт из истории, эта временная линия была сведена на нет. (АУДИО: Глаза Мастера ) В новой временной линии институт находился на Харли-стрит . Мастер манипулировал историей (АУДИО: Генеральный план ) , чтобы сделать институт крупнейшим игроком в истории человечества, находящимся на переднем плане в космических исследованиях и колонизационных технологиях. (АУДИО: Смерть надежды ) В 1972 году Доктор, Молли и Лив Ченка отправились в институт Ides, где в это время работали Мастер и Салли. Мастер использовал институт в своем плане, экспериментируя над Эминенс , чтобы натравить бесконечных воинов на далеков . (АУДИО: Глаза Мастера ) Профессор Маркус Шрайвер был принят на работу в институт, чтобы сформировать психическую связь между космонавтами и их кораблями. Работа Шрайвера впоследствии легла в основу « дыхания вечности » Эминенс. (АУДИО: Генеральный план ) После того, как Доктор разгромил планы Мастера, Нарвин и АНВ вычеркнули научный институт из истории. (АУДИО: Господство Эминенс ) "
https://tardis.fandom.com/ru/wiki/%D0%9C%D0%BE%D0%BD%D0%B0%D1%85,"
					Монах				","Монах The Monk Первый Аббот Телониус Преподобный Мортимер Монахиня Прозвища: Мортимус, аббат Телониус, Роберт Бертрам Раса: Повелитель Времени Планета: Галлифрей Появления Первое: Вмешивающийся во время (1965) Появления: см. список Актёр: Питер Баттерворт Грэм Гарден Руфус Хаунд Джемма Уилан Монах , также известный как Вмешивающийся Монах , или Мортимус — друг Доктора с Галлифрея , со временем ставший Повелителем Временем -ренегатом, который вмешивался в историю, из-за чего его отношения с Доктором обострились, так как они придерживались разных позиций относительно вмешательства в ход истории. ( ТВ: Вмешивающийся во время ) В свои ранние годы Мортимус жил на Галлифрее, обучался в Академии , был другом Доктора и входил в группу Дека . ( ПРОЗА: Разделённая верность ) Он работал в Агентстве Небесного Вмешательства . ( ПРОЗА: Квантовый Архангел ) В это время Мортимус отвечал за заключение Легионов. ( ПРОЗА: Кристалл Буцефала ) Именно во время работы на АНВ, Монах впервые открыл в себе интерес ко вмешательству во время. В конечном итоге, ему стало известно о других мирах и он стал ренегатом. ( ПРОЗА: Без будущего ) Через 50 лет после того, как Доктор покинул Галлифрей, Монах последовал его примеру и поступил также, став ренегатом. Кроме того, он решил ради развлечения вмешиваться в историю других миров. ( ТВ: Вмешивающийся во время ) После того, как Ирвинг Браксиатель покинул Галлифрей, он слышал, что Монах направляется на Землю . ( ПРОЗА: Империя стекла ) Повреждённая ТАРДИС Монаха (ТВ: Вмешивающийся во время ) Монах владел ТАРДИС Тип 40 Марк IV , и когда Первый Доктор увидел её, то счёл, что она принадлежит будущему его родного мира, то есть была создана уже после того, как он покинул Галлифрей. Монах наслаждался вмешательством в историю, считая, что делает хорошее дело. Он оказал помощь при строительстве Стоунхенджа , дал Леонардо да Винчи несколько советов, а также положил 200 фунтов в банк в 1968 году , а затем отправился на 200 лет в будущее, чтобы забрать деньги с процентами. Когда Первый Доктор и его спутники встретили Мортимуса, он выдавал себя за монаха одного из монастырей, а его ТАРДИС была замаскирована под саркофаг. Монах планировал отменить норманнское вторжение 1066 года , предоставив Англии быстрее войти в век технического прогресса. Его прозвище, Монах, родилось как раз из этого приключения, когда он выдавал себя за священнослужителя. Доктор сорвал его планы, саботировав его ТАРДИС - Монах застрял в одном месте и времени, так как его машина времени приняла внутри такой же размер, что и снаружи. ( ТВ: Вмешивающийся во время ) Вторая встреча произошла на вулканической планете Тайгус - Монах саботировал замок ТАРДИС Доктора , однако это не помешало Доктору открыть дверь и украсть один элемент из ТАРДИС Монаха, способный помочь им в борьбе с далеками . Монах и далеки ( ТВ: Генеральный план далеков ) ТАРДИС Монаха приземлилась в Древнем Египте. Зная далеков, Монах предложил им свою помощь в поисках Доктора. Чтобы спасти себя, он смог убедить спутников Доктора, что обманул далеков, однако Доктор будто бы не захотел его слушать и засунул в саркофаг. Тем временем Доктор испортил маскировочную схему ТАРДИС Монаха, превращая её в полицейскую будку (которую как раз ищут далеки). Прежде чем далеки смогли уничтожить предателя, Монах сбежал на своей ТАРДИС, однако Доктор, кроме всего прочего, забрал оттуда устройство, контролирующее место и время прибытия корабля, и теперь он потерял контроль над своей машиной времени. ( ТВ: Генеральный план далеков ) Монах в союзе с Ледяными воинами сражался с Пятым Доктором при помощи гигантского звукового оружия. Во время этого приключения Мортимус называл себя Вмешивающимся во время. ( КОМИКС: Перспектива четырёх измерения ) В 21 веке Монах попробовал сорвать выборы президента США , однако Доктор решил остановить его, в результате всего чего случилась погоня, результатом которой стало создание Бермудского треугольника. ( КОМИКС: Следуй за ТАРДИС! ) Монах регенерировал, по крайней мере, один раз, потому что Седьмой Доктор при встрече не узнал его лица. Мортимус создал несколько альтернативных временных линий, а затем намеревался отомстить Доктору, устроив вторжение сонтаранцев на Землю. Его план был сорван благодаря Эйс . ( ПРОЗА: Без будущего ) Позже, Мортимус хотел убить Моцарта в детстве, но опять же был остановлен Доктором ( ПРОЗА: История бродяги ). Однажды, Монах получил себе в спутницы Люси Миллер , и они посетили несколько мест и времён, включая средневековую Ирландию ( АУДИО: Воскрешение Марса ). В 1006 году Монах искал Келлскую книгу, и столкнулся с Восьмым Доктором . ( АУДИО: Келлская книга ) Позже, Монах участвовал во вторжении далеков на Землю в 22 веке и был повинен во многих смертях. ( АУДИО: Люси Миллер , До смерти ) "
https://tardis.fandom.com/ru/wiki/%D0%9C%D1%8D%D1%80%D0%B8_%D0%A2%D0%B0%D0%BC%D0%BC,"
					Мэри Тамм				","Мэри Тамм Mary Tamm Рождение: 22 марта 1950 Смерть: 24 июля 2012 Роль: Романа I Пандора Работа: Актриса Карьера Другие работы: Досье ODESSA (1974) The Likely Lads (1976) Джейн Эйр (1983) Пуаро (1989) Попали! (2009) Жители Ист-Энда (2009) Мэри Тамм (22 марта 1950 - 24 июля 2012) — английская актриса, сыгравшая первое воплощение Романы в 16 сезоне « Доктора Кто ». Также в одной из серий сыграла её двойника, принцессу Стреллу . Изначально она не хотела играть спутницу Доктора, считая, что они выполняют лишь роль «дам в беде», однако продюсеры убедили её в том, что Романа будет совершенно другой из-за своего происхождения. Сыграв её в 16 сезоне, Тамм решила покинуть сериал, так как была не очень довольна развитием персонажа, посоветовав взять на роль следующего её воплощения Лаллу Уорд , с которой они вместе играли в её последней серии . Актриса хотела сыграть и сцену регенерации , однако её не пригласили на съёмки 17 сезона, из-за чего Романа регенерировала вне поля зрения зрителя, выбирая из нескольких возможных вариантов и периодически спрашивая у Доктора, что тот думает о её разных внешностях. Мэри вернулась к роли Романы в аудиосериале « Галлифрей » (где она также озвучила Пандору , принявшую её образ), в нескольких « Хрониках спутников » и во 2 сезоне « Приключений Четвёртого Доктора » от Big Finish Productions , где она в последний раз воссоединилась с Томом Бейкером . Также в 2009 году зачитала одну аудиокнигу из серии « Временной охотник ». Также появлялась в фильмах и сериалах « Tales That Witness Madness » (1973), « Улица коронации » (1973; 2002), « Only When I Laugh » (1981), « Не девятичасовые новости » (1982), « Bergerac » (1984), « Катастрофа » (1989), « Чисто английское убийство » (1991; 2001), « Brookside » (1993), « Новые приключения Робин Гуда » (1997), « Биение сердца » (1997), « Sorted » (2000), « Doctors » (2000; 2006; 2007), « Джонатан Крик » (2001), « Амазонки и гладиаторы » (2001), « Холби Сити » (2006), « Тугая струна » (2008) и др. "
https://tardis.fandom.com/ru/wiki/%D0%9D%D0%B0%D1%81%D0%BB%D0%B5%D0%B4%D1%81%D1%82%D0%B2%D0%BE_%D0%A0%D1%83%D1%82%D0%B2%D0%B5%D0%BD%D0%B0,"
					Наследство Рутвена				","Наследство Рутвена — 4 и финальная аудиопьеса 2 сезона аудиосериала « Джейго и Лайтфут » от компании Big Finish Productions , завершившая сюжетную арку с участием вампира по имени Габриэл Сандерс . В финале истории произошло камео Луиз Джеймсон в роли Лилы , воссоединение которой с Джейго и Лайтфутом впервые после событий серии « Когти Венг-Чанга » (1977) станет сюжетной аркой следующих двух сезонов. "
https://tardis.fandom.com/ru/wiki/%D0%9D%D0%B0%D1%83%D1%87%D0%BD%D1%8B%D0%B9_%D0%B8%D0%BD%D1%81%D1%82%D0%B8%D1%82%D1%83%D1%82_Ides,"
					Научный институт Ides				","Научный институт Ides - земная организация, созданная в 1700 году. Первоначально распологалась по адресу Бейкер-стрит 107 , почтовый индекс W1U 65P (АУДИО: Беглецы ) . Позже, в другой временной линии, на Харли-стрит . (АУДИО: Глаза Мастера ) Котрис , будущее воплощение Страксуса, основал научный институт Ides на Бейкер-стрит 107 . 6 июля 1970 года усовершенствованный экспериментальный компьютер с голосовой активацией VSAI 001 сообщает своей создательнице и оператору, доктору Салли Армстронг , что у него есть сообщение для неё. Послание содержит средства и инструкции о том, как построить устройство и сообщение от некого «Доктора», профинансировавшего институт на миллиард фунтов стерлингов. Доктор позже посетил институт вместе с Молли О'Салливан , где они встретили Салли Армстронг, уже построившую устройство в соответствии с полученными ею инструкциями. Доктор ничего не знает об этом – он предполагает, что когда-нибудь в будущем создаст этот институт. Построенное устройство оказывается пространственно-временным порталом. Оно активируется, позволяя появится далекам . (АУДИО: Беглецы ) После того, как Страксус был убит, а Котрис стёрт из истории, эта временная линия была сведена на нет. (АУДИО: Глаза Мастера ) В новой временной линии институт находился на Харли-стрит . Мастер манипулировал историей (АУДИО: Генеральный план ) , чтобы сделать институт крупнейшим игроком в истории человечества, находящимся на переднем плане в космических исследованиях и колонизационных технологиях. (АУДИО: Смерть надежды ) В 1972 году Доктор, Молли и Лив Ченка отправились в институт Ides, где в это время работали Мастер и Салли. Мастер использовал институт в своем плане, экспериментируя над Эминенс , чтобы натравить бесконечных воинов на далеков . (АУДИО: Глаза Мастера ) Профессор Маркус Шрайвер был принят на работу в институт, чтобы сформировать психическую связь между космонавтами и их кораблями. Работа Шрайвера впоследствии легла в основу « дыхания вечности » Эминенс. (АУДИО: Генеральный план ) После того, как Доктор разгромил планы Мастера, Нарвин и АНВ вычеркнули научный институт из истории. (АУДИО: Господство Эминенс ) "
https://tardis.fandom.com/ru/wiki/%D0%9D%D0%B0%D1%83%D1%87%D0%BD%D1%8B%D0%B9_%D0%B8%D0%BD%D1%81%D1%82%D0%B8%D1%82%D1%83%D1%82_Ides,"
					Научный институт Ides				","Научный институт Ides - земная организация, созданная в 1700 году. Первоначально распологалась по адресу Бейкер-стрит 107 , почтовый индекс W1U 65P (АУДИО: Беглецы ) . Позже, в другой временной линии, на Харли-стрит . (АУДИО: Глаза Мастера ) Котрис , будущее воплощение Страксуса, основал научный институт Ides на Бейкер-стрит 107 . 6 июля 1970 года усовершенствованный экспериментальный компьютер с голосовой активацией VSAI 001 сообщает своей создательнице и оператору, доктору Салли Армстронг , что у него есть сообщение для неё. Послание содержит средства и инструкции о том, как построить устройство и сообщение от некого «Доктора», профинансировавшего институт на миллиард фунтов стерлингов. Доктор позже посетил институт вместе с Молли О'Салливан , где они встретили Салли Армстронг, уже построившую устройство в соответствии с полученными ею инструкциями. Доктор ничего не знает об этом – он предполагает, что когда-нибудь в будущем создаст этот институт. Построенное устройство оказывается пространственно-временным порталом. Оно активируется, позволяя появится далекам . (АУДИО: Беглецы ) После того, как Страксус был убит, а Котрис стёрт из истории, эта временная линия была сведена на нет. (АУДИО: Глаза Мастера ) В новой временной линии институт находился на Харли-стрит . Мастер манипулировал историей (АУДИО: Генеральный план ) , чтобы сделать институт крупнейшим игроком в истории человечества, находящимся на переднем плане в космических исследованиях и колонизационных технологиях. (АУДИО: Смерть надежды ) В 1972 году Доктор, Молли и Лив Ченка отправились в институт Ides, где в это время работали Мастер и Салли. Мастер использовал институт в своем плане, экспериментируя над Эминенс , чтобы натравить бесконечных воинов на далеков . (АУДИО: Глаза Мастера ) Профессор Маркус Шрайвер был принят на работу в институт, чтобы сформировать психическую связь между космонавтами и их кораблями. Работа Шрайвера впоследствии легла в основу « дыхания вечности » Эминенс. (АУДИО: Генеральный план ) После того, как Доктор разгромил планы Мастера, Нарвин и АНВ вычеркнули научный институт из истории. (АУДИО: Господство Эминенс ) "
https://tardis.fandom.com/ru/wiki/%D0%9D%D0%B5%D0%B1%D0%B5%D1%81%D0%BD%D1%8B%D0%B9_%D0%B8%D0%B3%D1%80%D1%83%D1%88%D0%B5%D1%87%D0%BD%D0%B8%D0%BA,"
					Небесный игрушечник				","Небесный игрушечник Celestial Toymaker Прозвища: Хранитель Грёз Кристальный Страж Мандарин Вселенский кукловод Раса: Стражи Времени / Великие Древние Семья: Сестра: Хекуба Появления Первое: ТВ: Небесный игрушечник (1966) Последнее: ПРОЗА: Сласти или страсти (2017) Появления: список Актёр: Майкл Гоф Дэвид Бейли Видео Небесный Игрушечник , также известный как Хранитель Грёз , Кристальный Страж и Мандарин — уникальное и мощное существо, которое существовало вне времени и пространства, однако могло проникать и в реальный мир, чтобы заманить в ловушку своих выбранных жертв. Он был способен создавать целые миры, которые были местом обитания его жертв, которые обманным путём навсегда остались во власти Игрушечника. Если одной из жертв удавалось победить его в созданных Игрушечником играх, мир полностью разрушался, однако он легко мог создать себе новый ( ТВ: Небесный игрушечник ). Игрушечник утверждал, что является воплощением фундаментальной силы во вселенной , то есть является одним из Стражей Времени . В то время как Белый и Чёрный Страж олицетворяли разные стороны морали, Небесный Игрушечник олицетворял иллюзии, обман и игры, из-за чего был известен как Кристальный Страж ( ПРОЗА: Квантовый Архангел ). У него была сестра, которую знали под именем Гекуба , или Королева Времени, которая любила играть со времени точно так же, как и Игрушечник забавлялся в своём мире вне времени и пространства ( АУДИО: Королева времени ). По словам Шестого Доктора , он возник в другой вселенной и проник во вселенную Доктора лишь для того, чтобы сеять хаос и разрушения. Из-за этого законы физики не распространяли своё влияние на Игрушечника. Сам Небесный Игрушечник заявил, что в начале своей жизни он использовал силу совсем по-другому, однако нашёл ей лучшее применение - игры ( АУДИО: Ярмарка кошмаров ). Седьмой Доктор считал Игрушечника «духом озорства, возникшим в начале вселенной» ( АУДИО: Волшебная мышеловка ). Известно, что он был одним из Великих Древних ( АУДИО: Чёрно-белое ). В своём мире Небесный Игрушечник имел огромную мощь, был способен манипулировать любыми существами, проникшими на его территорию. Также, он создавал специальные игры для своих жертв, которые должны были сыграть, и если выиграют, то могут освободиться от его влияния, а если проиграют, навсегда станут пленниками его мира. Выиграть в его игры было практически невозможно, потому что Игрушечник менял правила прямо на ходу, чтобы игра была в его пользу. Сам он являлся бессмертным и неуязвимым, и если жертве удавалось выиграть игру, разрушив его мир, он просто создавал себе новый. Кроме того, он мог свободно путешествовать во времени, именно так он нашёл ТАРДИС Доктора и захватил Первого Доктора ( ТВ: Небесный игрушечник ). "
https://tardis.fandom.com/ru/wiki/%D0%9D%D0%B0%D1%80%D0%B4%D0%BE%D0%BB_-_%D1%81%D0%BF%D0%B8%D1%81%D0%BE%D0%BA_%D0%BF%D0%BE%D1%8F%D0%B2%D0%BB%D0%B5%D0%BD%D0%B8%D0%B9,"
					Нардол - список появлений				",Ниже приведён список появлений Нардола . Doctor Who Annual 2018 Хроники Мисси Doctor Who Annual Titan Comics 
https://tardis.fandom.com/ru/wiki/%D0%9D%D0%B5%D0%B1%D0%B5%D1%81%D0%BD%D0%B0%D1%8F_%D0%9F%D0%B0%D1%80%D0%B0%D0%B4%D0%B8%D0%B3%D0%BC%D0%B0_(%D0%B0%D1%83%D0%B4%D0%B8%D0%BE_%D0%B8%D1%81%D1%82%D0%BE%D1%80%D0%B8%D1%8F),"
					Небесная Парадигма (аудио история)				","Небесная Парадигма The Heavenly Paradigm 4 история Военный Мастер : Только хорошее Герои: Мастер , Коул Джарниш Враги: Далеки Место: ТАРДИС Мастера - Война Времени Земля - Англия - Стэмфорд Бридж - 1976 Серебряная Пустошь - около 100 000 000 000 000 года Производственная информация Издатель: Big Finish Productions Автор: Гай Адамс Режиссёр: Скотт Хэндкок Продюсер: Скотт Хэндкок Номер: 1.4 Дата выхода: 14 декабря 2017 Формат: 60-минутная аудиопьеса Военный Мастер ← Предыдущее Следующее → Небесный человек Звонок покойнику Небесная Парадигма — 4 аудиопьеса 1 сезона аудиосериала « Военный Мастер » от компании Big Finish Productions , вышедшего в бокс-сете « Только хорошее » в декабре 2017 года. История завершила сюжетную арку с участием Коула Джарниша , связав воедино последние три истории бокс-сета и эпизод аудиосериала « Галлифрей ». Аудиопьеса является приквелом серии « Утопия » (2007), раскрыв как именно Мастер скрылся от Войны Времени в форме человека. Планы Мастера близки к осуществлению, и он отправляется к Стамфордскому мосту в 1970-е, где, как он полагает, находится ключ к его успеху… Но что за ужасный секрет таится под ступенями дома номер 24 по Мэриголд Лэйн? И какие жертвы принесёт Мастер во имя окончательной победы? "
https://tardis.fandom.com/ru/wiki/%D0%9D%D0%B5%D0%B2_%D0%A4%D0%B0%D1%83%D0%BD%D1%82%D0%B8%D0%BD,"
					Нев Фаунтин				","Нев Фаунтин Nev Fountain Рождение: 12 августа 1969 Работа: Сценарист, писатель Карьера Другие работы: Dead Ringers The Mervyn Stone Mysteries Нев Фаунтин (родился 12 августа 1969) — британский писатель, автор нескольких аудиопьес по « Доктору Кто » от компании Big Finish Productions . Известен как один из сценаристов комедийной передачи « Dead Ringers », также автор нескольких книг. Состоит в отношениях с актрисой Николой Брайант , она играла во многих сценариях, написанных им. "
https://tardis.fandom.com/ru/wiki/%D0%9D%D0%B5%D0%B2%D0%BE%D0%B7%D0%BC%D0%BE%D0%B6%D0%BD%D1%8B%D0%B9_%D0%B0%D1%81%D1%82%D1%80%D0%BE%D0%BD%D0%B0%D0%B2%D1%82,"
					Невозможный астронавт				","Невозможный астронавт The Impossible Astronaut Доктор Кто : 6 сезон 1 серия Доктор: Одиннадцатый Доктор Спутники: Эми Понд , Рори Уильямс , Ривер Сонг Участвуют: Кантон Делавэр , Ричард Никсон , Теселекта Враги: Тишина Место: Земля - США ( Юта , Вашингтон и Флорида - 8 апреля 1969 и 22 апреля 2011 ) / Англия ( Лондон - 17 век ; Вторая мировая война ) Стормкейдж - 52 век ТАРДИС Доктора Производственная информация Автор: Стивен Моффат Режиссёр: Тоби Хейнс Продюсер: Маркус Уилсон Номер: 214a Дата выхода: 23 апреля 2011 Формат: 45-минутный эпизод Официальный трейлер Отрывок Доктор Кто ← Предыдущее Следующее → Рождественская песнь День Луны Невозможный астронавт (англ. The Impossible Astronaut ) — 1 эпизод 6 сезона возобновлённого « Доктора Кто », вышедший 23 апреля 2011 и начавший двухсерийную историю, которая завершится в следующем эпизоде . Серия начала сюжетную арку Тишины , которая представляет таинственную организацию, цель которой - молчание Доктора, и которая упоминалась ещё в прошлом сезоне . Также серия примечательна возвращением Ривер Сонг , сюжетная линия которой оказывается тесно переплетена с новой аркой Тишины. Съёмки двухсерийки велись в США. Рори и Эми получают письмо, в котором указаны координаты и время. Местом назначения оказывается пустыня в штате Юта, где они встречают Доктора и Ривер Сонг, получившую такое же послание. Эми, Рори и Ривер узнают сведения, которые ни в коем случае не должны дойти до Доктора. Они встречают Кантона Эверетта Делавэра III, который также получил конверт. Рори, Эми, Доктор и Ривер отправляются в 1969 год в Овальный кабинет, где сам президент Ричард Никсон просит их о помощи. "
https://tardis.fandom.com/ru/wiki/%D0%9D%D0%B5%D0%BA%D1%80%D0%BE%D0%BC%D0%B0%D0%BD%D1%82%D1%8D%D0%B9%D1%8F_(%D0%B0%D1%83%D0%B4%D0%B8%D0%BE_%D0%B8%D1%81%D1%82%D0%BE%D1%80%D0%B8%D1%8F),"
					Некромантэйя (аудио история)				","Некромантэйя Nekromanteia Big Finish : 41 ежемесячный релиз Доктор: Пятый Доктор Спутники: Пери , Эримем , Антранак Враги: Халрон Место: Некромантэйя - Талдерун Рынок в системе Гаразон ТАРДИС Доктора Производственная информация Издатель: Big Finish Productions Автор: Остин Аткинсон Режиссёр: Джон Эйнсворт Композитор: Дэвид Дарлингтон Номер: 41 Дата выхода: февраль 2003 Формат: 4 эпизода по 25 мин. Ежемесячные релизы Big Finish ← Предыдущее Следующее → Юбилей Тёмное пламя Некромантэйя — 41 ежемесячный релиз от компании Big Finish Productions . Сценарий написал Остин Аткинсон , а режиссёром выступил Джон Эйнсворт . Это третья история, рассказывающая о путешествиях Пятого Доктора с Пери Браун и Эримем . "
https://tardis.fandom.com/ru/wiki/%D0%A1%D1%84%D0%B5%D1%80%D0%B0_%D0%BD%D0%B5%D0%B1%D1%8B%D1%82%D0%B8%D1%8F,"
					Сфера небытия				","Добро пожаловать на тот свет. Также известный как Сфера Небытия, или Земля Обетованная. Сюда отправляются после смерти. Сфера небытия Nethersphere Тип: Система хранения данных Место: Галлифрей Изобрели: Повелители Времени Имеет отношение: Матрица Появления ТВ: Глубокий вдох , Внутрь далека , Смотритель , Тёмная вода / Смерть на небесах (2014) Сфера Небытия , (также известная как Земля Обетованная , Небеса , или Рай ) — система хранения данных, куда Мисси извлекала «души» недавно умерших людей ( ТВ: Смотритель , Смерть на небесах ). Согласно мифам, встречающимся на Земле, в этом месте можно было обрести покой. Это галлифрейский жёсткий диск, куда загружались разумы умерших. ( ТВ: Тёмная вода ) Как оказалось, Сфера небытия была всего лишь жёстким диском, куда в прямом смысле загружались личности умерших, и впоследствии использовались для создания армии киберлюдей . Для создания Сфера Небытия Мисси, оказавшаяся воплощением Мастера , позаимствовала технологию реализации структуры галлифрейской Матрицы . ( ТВ: Тёмная вода / Смерть на небесах ) Целью полуликого было добраться до Земли Обетованной, о чём он рассказал Двенадцатому Доктору и Кларе Освальд . Когда он был уничтожен, то добрался до места, которое ему представила Мисси . Она заявила, что Доктор является её парнем и поинтересовалась, как он с ним обошёлся. Также, она назвала ему три варианта названия этого места - Земля Обетованная , Небеса и Рай . ( ТВ: Глубокий вдох ) Позже, Мисси встретила в Раю солдата с космического корабля Аристотель , которая пожертвовала собой ради того, чтобы Доктор, Клара и Джорни добрались до нужного места, путешествуя внутри далека . На этот раз, встреча происходила в комнате, где был накрыт стол, так что Мисси предложила ей выпить чаю. ( ТВ: Внутрь далека ) Во время путешествия в Англию 1190-х, Доктор обнаружил, что космический корабль роботов , потерпевших крушение на Земле, был запрограммирован на конечную цель «Земля Обетованная». ( ТВ: Робот из Шервуда ) Полицейский по имени Мэттью был убит Сковоксом Блицером и попал в Рай, где его встретил Себ , помощник Мисси. Он сказал ему, что Мисси сегодня «немного занята». Кроме того, Себ сказал, что предпочитает называть этот мир Сфера Небытия . ( ТВ: Смотритель ) Через некоторое время, Мисси наблюдала через свой планшет то, как Доктор и Клара спасли свою реальность от бесхребетных . При этом, она сказала: «Клара, моя Клара. Я и правда хорошо выбрала» . ( ТВ: Плоскость ) Позже, она была удивлена тем, как Доктор и Клара выкрутились из ситуации с лесом и солнечной вспышкой, наблюдая за ними через свой монитор. ( ТВ: В ночном лесу ) Когда Денни Пинка сбил автомобиль, он также попал в Рай, и Клара с Доктором решили отправиться туда же: Доктор выдвинул гипотезу, что если соединить Клару с телепатическими схемами ТАРДИС, то она отправится туда, где в данный момент находится Денни. Пока путешественники во времени изучали новое для них место, Денни встретил Себ, который рассказал весь «принцип работы» Сферы небытия, упоминая, что сюда был загружён разум, или душа Денни и перемещён в новое тело, которое всё ещё связано со старым. ( ТВ: Тёмная вода / Смерть на небесах ). "
https://tardis.fandom.com/ru/wiki/%D0%9D%D0%B8%D0%BA%D0%BE%D0%BB%D0%B0%D1%81_%D0%91%D1%80%D0%B8%D0%B3%D0%B3%D1%81,"
					Николас Бриггс				","Николас Бриггс Nicholas Briggs Рождение: 29 сентября 1961 Роль: Голос далеков , киберлюдей , джудунов , Ледяных воинов , Нестин , Джаграфесса , зайгонов , механоидов , роболюдей ; Доктор ; Шерлок Холмс и др. Работа: Актёр, режиссёр, сценарист, продюсер, композитор Карьера Другие работы: Лига джентльменов (2002) Judge Dredd: Dredd vs Death (2003) Любовь на шестерых (2004) Шпана 2 (2008) Льюис (2009) 4.3.2.1 (2010) Видео Николас Бриггс , иногда работающий под псевдонимами Дэвид Сакс и Артур Уоллис (родился 29 сентября 1961 года) — британский сценарист, режиссёр, актёр и композитор, который вносит огромный вклад в развитие « Доктора Кто » с 1990-х годов. Прежде всего, он известен благодаря своей работой над аудиопьесами компании Big Finish Productions , где он работает продюсером, сценаристом, режиссёром, актёром и композитором. До этого занимался компанией BBV Productions . В возрождённом « Докторе Кто » стал озвучивать далеков , киберлюдей , джудунов , Ледяных воинов и прочих пришельцев. В 1980-х играл в фанатских аудиопьесах Audio Visuals новое воплощение Доктора, которое позже появилось в официальном комиксе из Doctor Who Magazine . Также озвучивал для Big Finish камео двух воплощений Докторов из альтернативных вселенных. С 2010 года играет в аудио Шерлока Холмса , который также встречался с Седьмым Доктором . Он впервые появился на экране (а не в качестве озвучивающего актёра) в серии « Дети Земли: День четвёртый » (2009) из « Торчвуда ». Также принимал участие в специальном выпуске передачи « Слабое звено », посвящённом сериалу, однако выбыл на ранней стадии. В 2013 году появился в фильме Марка Гейтисса « Приключение в пространстве и времени » в роли Питера Хокинса , первого голоса далеков. «Короткие путешествия» Doctor Who Storybooks BBC New Series Adventures «Империя далеков» «Unbound» «Киберчеловек» Бонусные релизы «Приключения Восьмого Доктора» «Я, Даврос» Адаптации спектаклей «Хроники спутников» «Короткие путешествия» «Приключения Четвёртого Доктора» «Тёмные глаза» «Шарлотта Поллард» Адаптации романов «Приключения Третьего Доктора» «Военный Доктор» «Ранние приключения» «Приключения Десятого Доктора» "
https://tardis.fandom.com/ru/wiki/%D0%9F%D1%80%D0%B8%D0%BA%D0%B2%D0%B5%D0%BB_(%D0%9D%D0%B5%D0%B2%D0%BE%D0%B7%D0%BC%D0%BE%D0%B6%D0%BD%D1%8B%D0%B9_%D0%B0%D1%81%D1%82%D1%80%D0%BE%D0%BD%D0%B0%D0%B2%D1%82),"
					Приквел (Невозможный астронавт)				","Приквел (Невозможный астронавт) Prequel: The Impossible Astronaut Доктор Кто : приквелы к 6 сезону Герои: Ричард Никсон Участвуют: Маленькая девочка Враги: Тишина Место: Земля - США - Вашингтон - Белый Дом - 1969 Производственная информация Автор: Стивен Моффат Режиссёр: Тоби Хейнс Продюсер: Маркус Уилсон Дата выхода: 23 апреля 2011 Формат: 2-минутный эпизод Доктор Кто : приквелы ← Предыдущее Следующее → Тардисоды Приквел (Проклятие чёрной метки) Приквел к серии Невозможный астронавт — первый приквел к 6 сезону « Доктора Кто », выпущенный 23 апреля 2011 года. Здесь была впервые показана Тишина , а также появились Ричард Никсон и маленькая девочка , также участвующие в самой серии. В Овальном кабинете звонит телефон. Президент Ричард Никсон отвечает. Но ответа с другой стороны провода нет…пока Никсон не спрашивает «Это снова ты?» Голос девочки говорит «Оглянитесь». Никсон спрашивает, откуда у нее телефон, на что получает ответ, что они повсюду, и люди видят их каждый день. Никсон настаивает, что у него за спиной ничего нет, и снова спрашивает, как она получила номер. Девочка заявляет, что космический человек сказал ей. Никсон не понимает, что она имеет в виду. Она говорит, что это не важно, и он рассказал ей о монстрах. Но Никсон решительно утверждает, что нет никаких монстров во всем здании. Телефон зависает. Он откидывается на спинку кресла, и Тишина смотрит ему в спину. "
https://tardis.fandom.com/ru/wiki/%D0%9D%D0%B8%D0%BB_%D0%9A%D0%BE%D1%80%D1%80%D0%B8,"
					Нил Корри				","Нил Корри Neil Corry Работа: Сценарист, писатель Нил Корри — британский писатель, являющийся автором нескольких рассказов, аудиопьес и комиксов по вселенной « Доктора Кто ». Доктор Кто: Короткие путешествия Бернис Саммерфилд Доктор Кто: Реши свою судьбу Доктор Кто: Битвы времён "
"https://tardis.fandom.com/ru/wiki/%D0%9D%D0%B5%D0%BC%D0%B5%D1%86%D0%BA%D0%B8%D0%B9_%D1%81%D0%BE%D0%BB%D0%B4%D0%B0%D1%82_(%D0%92%D0%BE%D0%B5%D0%BD%D0%BD%D1%8B%D0%B5_%D0%B8%D0%B3%D1%80%D1%8B,_%D1%8D%D0%BF%D0%B8%D0%B7%D0%BE%D0%B4_1)","
					Немецкий солдат (Военные игры, эпизод 1)				","Немецкий солдат German soldier Раса: Человек Планета: Земля Появления ТВ: Военные игры (1969) Актёр: Джон Ливси Немецкий солдат — рядовой немецкой армии во время Первой мировой войны . Блы похищен Повелителями Войны и загипнотизирован. Его заставили поверить, что он всё ещё сражается на войне, когда на самом деле он участвовал в Военных играх Повелителей Войны. Он и ещё один солдат захватили машину скорой помощи леди Дженнифер Бакингем на ничейной земле, когда Второй Доктор , Джейми Маккриммон и Зои Хериот находились внутри. Однако вскоре он был остановлен лейтенантом Карстейрсом , и оба немецких солдата были взяты в плен. Он, как и все выжившие жертвы Повелителей Войны, был возвращен домой Повелителями Времени . ( ТВ: Военные игры ) "
https://tardis.fandom.com/ru/wiki/%D0%9D%D1%83%D0%BB%D0%B5%D0%B2%D0%B0%D1%8F_%D0%9A%D0%B0%D0%BC%D0%B5%D1%80%D0%B0,"
					Нулевая Камера				","Нулевая Камера Zero Cabinet Изобрели: Повелители Времени Назначение: Жизнеобеспечение Транспорт Имеет отношение: ТАРДИС , Нефритовая пагода Появления АУДИО: Неверленд (2002) ПРОЗА: Айсберг (1993) , Святилище (1995) Нулевая Камера — продукт технологии Повелителей Времени , элемент ТАРДИС , так иногда называемый Нефритовой Пагодой . Внешне может выглядеть как саркофаг или пагода. Нулевая камера — своего рода «спасательная шлюпка», которую теоретически можно пилотировать. ( ПРОЗА: Доктора бесконечности ) При угрозе целостности метаструктуры ТТ-капсулы создающую опасность для экипажа, камера используется для его эвакуации. Камера выберет пунктом назначения ближайшую планету со стабильными пространственно-временными координатами, с пригодной атмосферой и сносным климатом, относительно физиологии Повелителя Времени. ( АУДИО: Неверленд , ПРОЗА: Айсберг , Святилище ) "
https://tardis.fandom.com/ru/wiki/%D0%9D%D0%B5%D0%B8%D0%B7%D0%B2%D0%B5%D1%81%D1%82%D0%BD%D0%BE%D0%B5,"
					Неизвестное				","Неизвестное The Unknown 1 история 2 сезона Дневник Ривер Сонг Герои: Ривер Сонг Участвуют: Седьмой Доктор Место: « Сатурниус » и ТАРДИС Доктора - будущее Производственная информация Издатель: Big Finish Productions Автор: Гай Адамс Режиссёр: Кен Бентли Продюсер: Дэвид Ричардсон Номер: 2.1 Дата выхода: 25 декабря 2016 Формат: 45-минутная аудиопьеса Дневник Ривер Сонг ← Предыдущее Следующее → Правители Вселенной Пять двадцать девять Неизвестное — 1 аудиопьеса 2 сезона аудиосериала « Дневник Ривер Сонг », выпущенного 25 декабря 2016 года компанией Big Finish Productions . Здесь была показана встреча Ривер Сонг с Седьмым Доктором , а также началась сюжетная арка расследования масштабного вмешательства в историю Земли. Планетарная аномалия, невозможная с точки зрения науки - загадка требует решения. Разумеется, более опытного консультанта для такого случая, чем Ривер Сонг не найти. Команда « Сатурниуса » отправляется исследовать странный феномен, внезапно появившийся в Солнечной системе. Однако, экипаж совершенно не ждал обнаружения на борту «зайца». Невысокого, раздражающего человечка, который называет себя Доктором . Новейший исследовательский корабль « Сатурниус » досрочно выходит на свою первую миссию, поскольку в Солнечной системе внезапно появилась пространственно-временная аномалия размером с планету, которую нельзя прощупать никакими приборами. Небольшая команда - капитан, пилот, инженер и научный консультант, включив главное ноу-хау корабля - щиты, которые должны защищать от временных искажений - уже несколько дней не может долететь до цели. Обнаружение на борту «зайца», который не может внятно объяснить, кто он такой и как попал на борт, никак не способствует разрядке обстановки. Однако, когда Ривер пытается поговорить с задержанным «зайцем», обнаруживается, что память и мышление всего экипажа нарушены. И больше всего этот эффект повлиял на инженера Мёрфи. Назойливый «заяц», после некоторых раздумий назвавший себя Доктором , на пару с научным консультантом выясняют, что « Сатурниус » не может долететь до пункта назначения потому, что аномалия не полностью находится в материальном пространстве (как и сам «Сатурниус» из-за действия щитов), и кроме того, на подлёте к «планете» корабль уже столкнулся с третьим, также не до конца материализовавшимся, объектом. Варианты реальностей накладываются одна на другую, физическое пространство корабля искажается с каждой минутой, и исправить ситуацию можно только из ТАРДИС , которая осталась за двигательным отсеком, путь к которому преграждает армия из множества версий сошедшего с ума от эффекта столкновения Роберта Мёрфи. Доктор и Ривер пытаются дойти до ТАРДИС прежде, чем разъярённые Мёрфи убьют весь остальной экипаж. Когда одно столкновение отменено, Ривер в одиночку необходимо срочно убедить ничего не помнящих о Докторе и столкновении коллег снять бесполезные щиты и развернуть корабль. Но когда ей это удаётся - пространства для манёвра недостаточно, и « Сатурниус » совершает жёсткую посадку на планету-аномалию, где команда, выбравшись наружу, откапывает из земли девочку-андроида. "
https://tardis.fandom.com/ru/wiki/%D0%9D%D0%B8%D1%88%D0%B0_%D0%9D%D0%B0%D1%8F%D1%80,"
					Ниша Наяр				","Ниша Наяр Nisha Nayar Рождение: 7 июня 1967 Роль: Красный Канг Женщина-программист Занзибар Гулераана Кольридж Работа: актриса Карьера Другие работы: The Buddha of Suburbia (1993) Девочки любят иначе (1996) В Америке (2002) The Story of Tracy Beaker (2002-06) Ниша Наяр (родилась 7 июня 1967) — британская актриса, сыгравшая одну из Красных Кангов в серии « Райские башни » (1987) 24 сезона « Доктора Кто », а затем исполнившая роль женщины-программиста в финале 1 сезона возобновлённого сериала « Злой волк » / « Пути расходятся » (2005). Ниша стала первой актрисой, которая сыграла как в оригинальном, так и в новом « Докторе Кто ». Также для Big Finish Productions озвучила Занзибар в аудиопьесе « Жатва сикораксов » (2016), Гулераану в бокс-сете « Торчвуд Один: До падения » (2017) и Кольридж в аудиоистории « Спинвазия » спин-оффа « Донна Ноубл: Похищена! ». Вне « Доктора Кто » снималась в фильмах и сериалах « Чисто английское убийство » (1989; 1994; 2010), « Bhaji on the Beach » (1993), « Принципы похоти » (2003), « Холби Сити » (2003), « Метод Крекера. Новый террор » (2006), « Катастрофа » (2011), « Count Arthur Strong » (2013), « Закон и порядок: Лондон » (2014), « Midwinter of the Spirit » (2015), « Уличные коты » (2016), « Врачи » (2017)  и др. "
https://tardis.fandom.com/ru/wiki/%D0%9D%D0%BE%D0%B2%D0%B5%D0%B9%D1%88%D0%B8%D0%B5_%D0%BF%D1%80%D0%B8%D0%BA%D0%BB%D1%8E%D1%87%D0%B5%D0%BD%D0%B8%D1%8F,"
					Новейшие приключения				","Новейшие приключения BBC New Series Adventures Серия книг от BBC Books Герои: Доктор , Спутники Производственная информация Издатель: BBC Books Дата выхода: 19 мая 2005 — настоящее время Новейшие приключения — серия книг от издательства BBC Books , повествующих о приключениях Девятого , Десятого , Одиннадцатого , Двенадцатого и Тринадцатого Докторов . Начиная с 2014 года некоторые книги начали выпускаться в России издательством АСТ. После возрождения сериала в 2005 году, сюжетная линия « Приключений Восьмого Доктора » закончилась, чтобы дать место « Новейшим приключениям ». В эпизоде « Городской бум » Роза Тайлер рассказала об их с Доктором путешествии в систему Джастиция, которое было описано в романе « Монстры внутри » . В первых трёх книгах так же упоминаются слова « Злой волк », что является сюжетной аркой 1 сезона. Возможно, события первых трёх книг происходят между « Третьей мировой войной » и « Пустым ребёнком » , а остальные три - между « Доктор танцует » и «Городской бум» . По окончании работы Кристофера Экклстона над сериалом, сюжетная линия сериала и книг продолжилась с Десятым Доктором. В 2006 году были опубликованы 6 книг, повествующие о путешествиях Доктора с Розой. В 2007 и 2008 годах были опубликованы книги с новой спутницей - Мартой Джонс . Она продолжала появляться в книгах и после своего ухода из сериала. Следующая спутница, Донна Ноубл , впервые появилась в аудиокниге « Борьба с вредителями » , которая не издавалась в печатном виде. Первые книги о Докторе с Донной начали выходить осенью 2008. Тем не менее, она появилась лишь в немногих книгах, прежде чем Доктор начал путешествовать один. Во всех романах 2008 года присутствуют классические монстры, включая далеков , сонтаранцев (дважды) и Сознание Нестин . Начиная с Десятого Доктора появилась серия повестей под названием «Quck Reads» . Все книги с Десятым Доктором были выпущены в формате аудиокниг. Первые три зачитал Дэвид Теннант , а остальные - другие известные актёры. "
https://tardis.fandom.com/ru/wiki/%D0%9D%D0%B5%D1%80%D0%B5%D0%B3%D0%B5%D0%BD%D0%B5%D1%80%D0%B0%D1%86%D0%B8%D1%8F!,"
					Нерегенерация!				","Нерегенерация! Unregenerate! Big Finish : 70 ежемесячный релиз Доктор: Седьмой Доктор Спутники: Мелани Буш Участвуют: Повелители Времени , ТАРДИС Место: Земля - Англия - Лондон - 1957 и 2007 Производственная информация Издатель: Big Finish Productions Автор: Дэвид А. МакИнти Режиссёр: Джон Эйнсворт Композитор: Йен Поттер Номер: 70 Дата выхода: июнь 2005 Формат: 4 эпизода по 25 мин. Ежемесячные релизы Big Finish ← Предыдущее Следующее → Третий лишний Никейский собор Нерегенерация! — 70 ежемесячный релиз от компании Big Finish Productions . Это четвёртая аудиопьеса с участием Седьмого Доктора и Мелани Буш . Сценарий написал Дэвид А. МакИнти , а режиссёром выступил Джон Эйнсворт . По хронологии она расположена сразу же после событий серии « Время и Рани » (1987), то есть непосредственно после регенерации Доктора. Идея «живых» ТАРДИС связана с серией « Жена Доктора » (2011) из возрождённого сериала. Данная аудиопьеса разбирается со сложностями во время перемещения сознания ТАРДИС в тела других рас. В залах давно заброшенного приюта гуляет эхо криков, а сотрудников преследуют таинственные существа. Пациенты жалуются на предательство, а не на болезни, но все они — не те, кем кажутся. Мел знает, что никто, кроме Доктора, лучше не разберётся в происходящем — вот только она осталась на Земле, а ТАРДИС вернулась к ней без него… Почему медицинскому учреждению требуется вооруженная охрана? Чем занимаются там сотрудники и с какой целью? Какую цену нужно заплатить за то, чтобы договориться с управляющими приютом? И как только начинают появляться какие-то ответы, Доктор понимает, что за ним могут вернуться призраки его прошлого… Райган — начальник охраны Института Клайст — проверяет пациентов и объекты экспериментов, и в частности — вновь прибывшего, по имени Доктор . Похоже, он столь же безумен, как и все остальные несчастные в Институте, но Райган пристально следит именно за ним, ещё не подозревая, что серьёзные проблемы ей создаст другой из пациентов: объект под номером К-14. Мел , тем временем, осталась в одиночестве в будущем: Доктор собирался ненадолго отправиться по делам, но когда ТАРДИС вернулась за ней, внутри никого не оказалось… 1957 год; немецкий иммигрант по имени Йоханнес Рауш никак не может найти работу в Англии, однако однажды встречается с человеком по имени Луи , который предлагает свою помощь. Чтобы доказать серьёзность своих намерений, Луи предлагает Раушу вернуться домой и дождаться звонка от его дочери Кэрол, которая должна сообщить ему о том, что скоро выйдет замуж. Рауш поначалу относится к предложенному Луи скептически, однако Кэрол, как Луи и предсказывал, звонит ему, и ошеломлённый Рауш возвращается в бар, где ожидает его Луи. Тогда Луи предлагает использовать его связи для того, чтобы значительно улучшить жизнь Рауша, а взамен он желает, чтобы Рауш пообещал ему, что за один день до собственной смерти вместе с ним отправится в некий научный институт. Луи довольно расплывчато отзывается о том, что именно должно там произойти, однако Рауш всё же поддаётся искушению и подписывает контракт. Луи возвращается в Институт, где Райган уже готовится к прибытию Рауша. Однако до того ей хотелось бы изучить причины странного скребущего звука внутри стен, похожего на шуршание крыс. Луи отчитывается перед главой Института Клайст, которая уже спланировала точку извлечения Рауша и говорит Луи вернуться на следующий день… Когда Луи возвращается, для Рауша прошло уже пятьдесят лет — но сам Луи не выглядит ни днём старше (хотя, в действительно, он как раз на один день старше). Луи вежливо напоминает ошарашенному Раушу, что у него было 50 лет, чтобы подготовиться к его визиту. Рауш — уважаемый человек, и несмотря на его страх, он всё же полагает, что должен выполнить обязательства, так что соглашается уйти вместе с Луи без лишних драм. Ни один из них не знает о том, что за ними наблюдала Мел, которая взяла такси, чтобы добраться до дома. Она говорит таксисту о том, чтобы тот следовал за парой её друзей на вечеринку, однако тот не верит ей. Сдавшись, она объясняет, что вынуждена следить за Луи, чтобы найти её пропавшего друга. Луи и Рауш покидают дома и уезжают, а таксист соглашается следовать за ними, хоть и предупреждает Мел о том, что не хочет оказаться втянутым в какие-то тёмные дела. В Институте Клайст разговаривает с Доктором, пытаясь пробиться сквозь оболочку его безумия к самой его личности, однако Доктор озадачен и дезориентирован и, похоже, даже не до конца понимает, кто он такой. Он вспоминает, что некогда был исследователем, и что даже сейчас он ищет новую информацию и новые данные, но при этом он будто не может интегрировать эту информацию в собственную память так, как должен бы. Луи, тем временем, возвращается вместе с Раушем в Институт, и, пока охрана Райган сопровождает крайне озадаченного пожилого мужчину в его палату, Луи отмечает, насколько равнодушно она относится к его состоянию. Впрочем, она не разделяет сочувствия к примитивным расам, свойственного Луи, и скорее испытывает отвращение от того, что вынуждена работать с ними. Пока Рауш осматривается, он также замечает скребущий звук внутри стен, а также слышит, как кто-то из соседней палаты говорит сам с собой. Он выходит, чтобы выяснить, что происходит, и встречается с Доктором, который утверждает, что прикован к этому месту — а, может, к другому человеку. Рауш не понимает, о чём тот говорит, однако Доктор заявляет, что Рауш слишком ограничен для того, чтобы понять. Однако теперь и Доктор тоже более ограничен, чем должен бы. Клайст замечает, что Рауш общается с Доктором и заявляет, что Доктор пережил трагичный инцидент, после чего и находится в подобном состоянии. Клайст пытается вернуть ему рассудок, но не слишком сильно верит в успех. Рауш встревожен увиденным: всё это напоминает ему викторианскую клинику для душевнобольных, но Клайст уверяет его, что всё оборудование в Институте — современное. В этот момент в спешке появляется Райган, чтобы сообщить Клайст о том, что субъект К-14 сбежал из-под стражи, и Клайст закрывает доступ в институт, пока Райган провожает Рауша обратно в его палату. Рауш спрашивает, зачем его сегодня привезли сюда, если он вовсе не болен, и Райган хладнокровно поясняет, что завтра он будет зарезан грабителем, пробравшимся в его дом. Рауш шокирован, но также он понимает, что Райган не собиралась сообщить об этом в полицию; он спрашивает её, что случится с другими людьми, которым также может навредить тот грабитель, если его не поймать, но это Райган никоим образом не интересует. Райган возвращается, чтобы поговорить с Клайст; Феледрин — субъект К-14 — всё ещё не найден, но Райган считает, что Доктор представляет собой большую угрозу. Она смогла определить, что он является галлифрейцем, и, помимо того, хорошо известным террористом с длинным перечнем преступлений перед законом, который обвиняется в подстрекательствах к мятежу и даже геноциде. Она считает, что его необходимо немедленно передать в соответствующие инстанции, однако Клайст всё же настаивает на том, чтобы Доктор остался здесь, а она попыталась бы излечить его. Райган же уверена, что он симулирует безумие для того, чтобы отвлечь внимание, но Клайст весьма внимательно  изучает своих пациентов: состояние, в котором он находится сейчас, не имитация, и, кроме того, он недавно регенерировал. Таксист Мел следует за Луи до ворот Института, который он называет приютом Дом Хечел. Мел, решая, что ей может потребоваться помощь, отдаёт таксисту 300 фунтов, чтобы тот подождал здесь, пока она не вернётся. На звонок в дверь никто не отвечает, но когда Мел присматривается к двери внимательнее, то понимает, что это — не настоящая дверь, а лишь вырезанная в самой стене имитация. Таксист забирается на стоящее неподалеку дерево в поисках окна на крыше, через которое можно было бы попасть внутрь, однако в крыше, похоже, окон нет — да и самой крыши у здания тоже нет. Мел забирается на дерево следом и собственными глазами видит, что все здание целиком — лишь фальшивая пустая оболочка… Таксист совершенно сбит с толку увиденным: ведь он видел, как до того люди входили и выходили через главную дверь здания. Мел объясняет ему, что когда она вошла в ТАРДИС в поисках Доктора, то обнаружила вместо него голографическое сообщение, в котором ей передали адрес Рауша, а также указания следить за Луи. Несмотря на то, что во все это довольно сложно поверить, таксист всё же полагает, что она не врёт, однако, пусть бы даже он и хотел ей помочь, никакого способа войти в немыслимое здание нет. Как бы то ни было, Луи всё же куда-то исчез, и пока Мел пытается разобраться, куда именно, на земле материализуется ТАРДИС, к превеликому удивлению таксиста. Мел и не догадывалась, что ТАРДИС тоже последует за ней, причём, похоже, по собственной воле: пусть даже ей и известно, что у ТАРДИС имеется сознание, она не ожидала, что корабль способен и действовать сам по себе. Она заходит в консольную, где видит, что сканер направлен на некую конкретную точку в стене здания. При ближайшем рассмотрении вместе с таксистом они понимают, что эта часть стены — всего лишь голографическая проекция, и таким образом им удаётся пройти сквозь неё и оказаться внутри здания. Райган возглавляет поиски пропавшего феледринца, Шокры, который, определённо, сумел покинуть крыло К и теперь может быть где угодно в институте. Клайст рассказывает о том, что Шокра раньше работал на электростанции, где должна была случиться авария — возможно, он отправился на поиски в здании того, что ему знакомо. Райган отправляет охрану к энергоядру, но сбежавший феледринец берёт их там в плен. Клайст, тем временем, проводит на Рауше предварительные опыты, и тот догадывается, что Луи умолчал о кое-какой принципиально важной детали: Рауш полагал, что за его мозговой активностью будут наблюдать, пока он умирает, однако не догадывался, что смерть вовсе не станет естественной. Клайст заверяет его, что это вовсе не так, однако она лжёт и даже ощущает вину за это. Она делится своими сомнениями с Доктором, который превращается в подходящего для неё собеседника. Доктор считает, что именно он вызывает шорох внутри стен или что его перевернули вверх ногами — и пусть его замечания не вполне имеют очевидный смысл, он явно отвечает Клайст. Райган слушает их разговор из комнаты центрального контроля и окончательно убеждается, что Доктор лишь изображает безумного. Мел с таксистом оказываются в гараже, где содержатся весьма необычного вида средства передвижения. Пройдя через дверь гаража, они попадают внутрь чего-то вроде викторианской лечебницы, вот только такое огромное здание вряд ли смогло бы поместиться внутри пустой оболочки, какой она казалась снаружи. Мел в конечном итоге находит комнату с компьютерным терминалом, но интерфейс — хоть и неуловимо знакомый — непохож ни на что из того, что она видела на Земле. Несмотря на то, что операционная система ей совершенно не знакома, она умудряется обнаружить карту института и направляется к камере, где содержат Доктора. Ещё более озадаченный происходящим таксист следует за ней. Райган уводит Доктора из его палаты, чтобы хорошенько допросить, и намеревается использовать кое-что из оборудования института — например, электрошок — чтобы выбить из него признание. Институт выстроен по образцу викторианского, поскольку материалы не проводят электричество и не чувствительны к электромагнитных помехам, но Райган он напоминает тюрьму, внутри которой она оказалась. Доктор что-то бормочет и требует апгрейдов; настаивает на том, что он никогда в это место не приходит и, похоже, утверждает, что Клайст кое-как его понимает, потому что у неё более удобный пользовательский интерфейс. Когда приходит Луи, то он предупреждает Райган о том, что феледринец справился с двумя охранниками — и с отвращением понимает, что она собирается пытать Доктора. Райган всё ещё убеждена в том, что Доктор изображает безумного, чтобы в конечном итоге уничтожить Институт, но когда Луи сообщает об этом инциденте Клайст, та настаивает на том, что состояние Доктора вполне настоящее. Клайст приказывает Луи отвести Доктора обратно в его палату. Около палаты Доктора Мел с таксистом обнаруживают охранников — без сознания; а существа, копошащиеся в стенах, выходят наружу и окружают их. Но вместо того, чтобы напасть, шесть существ соединяются в одно: это и есть сущность по имени Шокра, сбежавший феледринец. Он разговаривает несколькими голосами (в том числе одним весьма знакомым) и по шоку на лице таксиса понимает, что оказался на планете, где ещё не было контактов с инопланетянами. Мел поясняет, что путешествует с пришельцем по имени Доктор, который может помочь Шокре сбежать из Института, если ему нужно именно это — и Шокра соглашается. Вместе с Мел и таксистом они входят в палату Доктора, но внутри пусто. Из его собственной палаты появляется весьма озадаченный Рауш и, увидев Шокру, решает, что, наконец, умирает, а это — результат воспаления его мозга. Пока Мел пытается объяснить ему, что всё вовсе не так, вместе с Доктором появляется Луи; он замечает стоящего в коридоре Шокру и включает сигнал тревоги. Таксист останавливает его, не давая сбежать, а Мел, пришедшая в ужас от состояния Доктора, требует рассказать, что с ним сделали. Луи настаивает на том, что это — результат несчастного случая, но в этот момент появляется Райган с охранниками, и Мел с её друзьями приходится бежать, забрав Доктора с собой. Рауш остаётся позади, всё ещё уверенный в том, что бредит. Один из охранников уводит Рауша в лабораторию, где его уже ожидает Клайст; остальным приказано найти и взять живыми Доктора и его спутников — впрочем, ввиду природы этого здания, анахронистическое оружие использовать запрещено, так что придётся обойтись пулевыми ружьями. Шокра отводит всех туда, где по его мнению расположен главный вход — он обнаружил его в процессе изучения Института. Охранники догоняют их; они стреляют по ним, так что беглецам остаётся только запереться изнутри в небольшой комнатке. Впрочем, оказавшись внутри, они понимают, что это — шлюз в открытый космос, а одна из пуль повредила внешний иллюминатор. Воздух начинает с шипением покидать комнату; окно в любой момент треснет, давление упадёт до нуля, и все они окажутся в вакууме... За несколько секунд до того, как стекло трескается, таксист обнаруживает шкаф, где хранятся скафандры. Шокра может несколько минут продержаться в открытом космосе, но Доктора Мел заставляет надеть костюм, хотя он сам и заявляет, что ему скафандр не требуется. Сама Мел, как и таксист, также облачаются в скафандры, и таким образом, переживают разгерметизацию. Далее они обнаруживают, что находятся на поверхности астероида. Доктор, похоже, немного успокоился — однако он заявляет, что всё дело в том, что он находится там, где его место: среди звёзд. Мел и прочие отправляются на поиски другого шлюза, стараясь держаться в тени, чтобы не привлекать внимание — а также чтобы избежать прямых солнечных лучей. Таксист к этому моменту уже решает просто принять всё, что с ним происходит, как странный сон. В основной лаборатории Клайст вводит Раушу успокоительное и начинает процесс «пересадки». Как только он завершается, Йоханнес Рауш прекращает существовать, а то, что поселилось в его теле, пытается сорвать собственное лицо. Клайст вместе с её помощниками вводят дополнительную дозу успокоительного, а затем Клайст, разочарованная результатом эксперимента, отправляется за Доктором и его друзьями, чтобы забрать их у Райган. Райган твёрдо намерена передать Доктора властям, доказав тем самым свою компетентность и получив повышение, позволившее бы ей вырваться из этого тупикового назначения. Несмотря на попытки Клайст обмануть её, Райган замечает жизненные сигналы беглецов в крыле М, где находятся амфибиоподобные формы жизни, дышащие метаном. Райган приказывает страже активировать протоколы усыпления. Мел и её союзники оказываются заперты в коридорах крыла М: переборки закрылись, а внутрь начал поступать газ, но в самый последний момент появляется Клайст и показывает выход через потайную дверь. Клайст прячет беглецов в её собственном кабинете, где Мел, понимая, что с Клайст можно попробовать договориться, расспрашивает её о том, что привело Доктора к его текущему состоянию. Клайст поясняет, что Доктор прибыл в Институт вскоре после того, как Луи привёл Шокру. Пока Клайст занималась калибровкой механизмов, чтобы те сработали на феледринце, из ящика с инструментами для уборки появился Доктор и невозмутимо представился крайне озадаченной тем Клайст. Он заявил, что для того, чтобы оказаться здесь, проехал «зайцем» на машине Луи. Он уже догадался, что Луи занимается поиском подходящих субъектов, обещая улучшить их жизни, и Клайст подтвердила, что, как только те прибывают, она использует их тела в качестве носителей сложнейшего искусственного интеллекта, созданного блок-трансферными генераторами Института. Цель проекта — создать чувствительных ко времени представителей разных рас, способных разработать технологии путешествий во времени, и таким образом взять эту разработку под контроль. Доктор был потрясён тем, что разум подопытных стирается в процессе переноса интеллекта, однако Клайст заверила его, что выбирала лишь тех, кто вот-вот должен был погибнуть, так Паутине Времени не наносится вред, ведь они технически мертвы как раз в день наступления своей смерти. Однако даже если так, она всё же сомневалась относительно этичности своего проекта: многие из ИИ невыносимо страдали, будучи помещёнными в гуманоидные тела, и, как Доктор и без того заметил, если принять подобное, то можно прийти и к гораздо более сомнительным с моральной точки зрения методам достижения той же цели. После этого Райган заметила, что Доктор разговаривает с Клайст и поместила его под арест, удерживая в кабинете Клайст. В личном разговоре Клайст призналась Луи в том, что беседа с Доктором заставила и её сомневаться в этичности экспериментов, однако Луи настаивал на том, что в этом случае цель оправдывает средства. Предоставленный самому себе, Доктор тем временем включил коммуникационные цепи в кабинете Клайст, сымитировал голос Клайст и приказал его охраннику покинуть пост. Затем он вернулся в лабораторию Клайст, чтобы изучить построенные ею системы и попытаться нарушить их работу; Клайст обнаружила его там слишком поздно, чтобы остановить. Пытаясь отключить системы, Доктор случайно их активировал и таким образом содержимое было загружено в его тело, переписав его собственную личность одним из только что созданных искусственных интеллектов. С тех пор Клайст удерживала Доктора здесь в надежде, что ей удастся каким-то образом вернуть ему рассудок, однако эта надежда, скорее всего, тщетна: даже если ей удастся извлечь ИИ из мозга Доктора, от него самого всё равно уже ничего не осталось. Дальнейшую историю рассказывает Шокра: Луи предложил ему стандартную сделку, которую тот принял, однако вскоре после этого с ним связался Доктор, заявив, что интересуется деятельностью Луи, и Шокра согласился позволить Доктору сопроводить его в Институт в необходимый день, скрыв это от Луи. Несмотря на то, что в тот момент Шокра с Доктором и расстался, он всё же каким-то образом может рассказать, что случилось с ним позднее. После разговора с Шокрой Доктор пробрался в Институт внутри машины Луи и подслушал разговор между Луи, Райган и Клайст. Таким образом он узнал, что следующая цель Луи — человек по имени Йоханнес Рауш и, не теряя времени, он вернулся в ТАРДИС и запрограммировал её таким образом, чтобы та вернулась за Мел при помощи голографического сообщения, в котором имелся адрес дома Рауша и указания следовать за Луи, чтобы вернуться к Доктору. Пока Клайст и Шокра излагают свои истории, в другом месте продолжают развиваться события. Сущность внутри тела Рауша желает вернуться к жизни, вырывается на свободу из искусственных уз и останавливается, пытаясь сфокусироваться на тех нескольких жалких измерений, что ему доступны. Рауш встаёт и приказывает Луи показать ему выход, сообщая также о том, что возведённые вокруг Института баррикады не станут ему помехой; Луи пытается задержать его, но Рауш готов при необходимости применить силу. У Луи не остаётся иного выбора, кроме как отвести Рауша ко входу, где он отключает барьер и сбегает на Землю. Отключение барьера вызывает срабатывание сигнализации во всём Институте, и Райган находит Луи — всё ещё не пришедшего в себя после атаки Рауша. Они собираются направиться за ним, уверенные в том, что без ТТ-капсулы Рауш с Земли сбежать не сможет. Клайст обнаруживает, что это не просто сигнал тревоги из-за отключённых барьеров — что-то уничтожило всю систему. Что бы здесь ни происходило, Мел уверена, что только Доктор может остановить это — а Шокра сообщает, что Доктор вовсе не безнадёжно болен. Прямо на глазах ошеломлённой Мел и остальных Шокра распадается на составляющие его части и окружает Доктора, принимая в собственную форму разум и тело Доктора. Так Доктор говорит с Мел: на этот раз спокойно и разумно. Однако в этот момент появляется Райган, видит Доктора и Шокру, стоящих напротив неё, и тут же стреляет из стазера , не задавая никаких вопросов. Луи пытается вмешаться, и в общей суматохе Райган попадает в него. Осознав, что сделала, она прекратила стрельбу; таксист изучает тело Луи и объявляет, что тот мёртв — однако после этого тело Луи начинает светиться и изменяться, и Доктор сообщает ошарашенной Мел, что Луи — Повелитель Времени. Клайст приказывает Райган собраться и помогает потрясённой случившимся начальнице охраны перенести только что регенерировавшего Луи в её кабинет. Тела Шокры отделяются от Доктора, и выясняется, что тот уже в полном порядке: объединённое сознание Шокры прикрепилось к его собственному при первой же встрече и разделило с ним шок внезапной загрузки ИИ. Таким образом, хоть Доктор и был полностью поглощён попытками вернуть контроль над собственным телом, его воспоминания не были переписаны. Теперь же Шокра полностью забрал чужое сознание себе, и не может справиться с этим — осталось совсем не долго до того момента, когда его разум будет переписан чужим сознанием. Тогда Доктор рассказывает Мел, что Клайст, Луи и Райган — Повелители Времени, использующие низшие расы в своих целях. Но теперь у Клайст и Луи появились собственные сомнения в том, чего они пытаются добиться, и, возможно, Доктор сможет убедить их в том, что имеющихся результатов экспериментов достаточно, чтобы понять: их план не сработает. Райган обвиняет Клайст в том, что фиаско эксперимента вызвано её неумением управлять процессом и сообщает, что теперь она возглавит Институт. Она обвиняет беглецов в том, что Луи потерял жизнь из-за них и отказывается признавать собственную в этом вину, и также заявляет, что намеревается отправить Доктора на Галлифрей под арестом. Она угрожает убить таксиста и Мел, если Клайст не согласится использовать их в виде подопытных, но Луи всё же успокаивает её и убеждает, что достаточно будет стереть их воспоминания. Однако прежде она собирается допросить их, чтобы выяснить, как много о происходящем известно человеческим властям. Рауш, тем временем, уже вернулся на Землю, однако не только лишь оттого, что именно там родилось когда-то его человеческое тело — он пришёл за ТАРДИС Доктора, которая звала его. Рауш рассказывает ТАРДИС, что прочие из их вида пойманы в ловушке и страдают от боли, и ТАРДИС позволяет ему отправиться вместе с ней в Институт. Здесь он направляется туда, где содержатся пациенты, и освобождает их, телепатически успокаивая каждого из них, и просит их не тревожиться. Один сегмент Шокры отделяется от общего целого, чтобы помочь Доктору и Мел исследовать генератор ИИ. Мел понимает, что создаваемые им сознания — это сознания ТАРДИС, которые Повелители Времени пытаются поместить в гуманоидные тела. Доктор подтверждает верность вывода и замечает, что у эксперимента есть одна главная проблема: сознания ТАРДИС слишком сложны, чтобы уместиться внутри ограниченного восприятия человеческого разума — даже разум Повелителя Времени не подойдёт для подобного, и сгенерированные сознания по этой причине сходят с ума от сенсорной депривации. Шокра настаивает на том, что Институт должен быть уничтожен, однако Доктор не хочет идти на столь жестокие меры, особенно с учетом того, что АНВ запросто может возобновить эксперименты где-то ещё. Недостаточно уничтожить просто оборудование: они должны разрушить самую идею подобных экспериментов. Райган забирает Мел для допроса, но та отказывается отвечать на провокации и угрозы Райган. Тогда Райган просит Луи помочь, поскольку у него больше опыта в обращении с людьми. Однако Мел знаком принцип «хороший коп, плохой коп», так что Луи не удается провести её. Она спрашивает, почему Луи считает, что имеет право забирать людей от тех, кто их любит, и проводить на них смертельные медицинские эксперименты, но он настаивает на том, что у каждого имелся выбор, и что они в любом случае умерли бы. Он признаёт, что делает всё возможное, чтобы убедить каждого согласиться на его условия, однако заявляет, что никогда не заставлял кого-то сотрудничать против их воли. Впрочем, тогда Мел спрашивает, как бы он поступил, если бы кто-то согласился на сделку, а затем, когда пришло бы время забрать его, не последовал за Луи? Понимая, что в глубине души Луи — хороший создание, она умоляет его заставить Райган признать неизбежное, пока не стало слишком поздно; Райган пришла в ужас, когда случайно застрелила Луи, а значит, пусть она и делает неверный выбор, она тоже — хорошее существо. Может быть, Луи удастся остановить её, пока она не зашла слишком далеко. После минутного замешательства Луи всё же освобождает Мел и соглашается помочь ей остановить эксперименты. Доктор вместе с таксистом пытаются как-то помочь Шокре, но в этот момент появляется Райган и приказывает им отойти от генератора ИИ. Доктор требует, чтобы ему сказали о целя этих экспериментов, и Клайст объясняет, что Высший Совет предвидит, что настанет время, когда другие, менее ответственные расы также разработают технологии путешествий во времени. Изначальной целью её экспериментов было внедрить темпорально-чувствительных агентов среди низших видов, так что Повелители Времени смогли бы следить за развитием технологий и остановить его в случае опасного направления. Однако Клайст признаёт, что первые попытки работать с далеками не были успешными, и Доктор понимает, что его народ игнорирует настоящую угрозу временным линиям, сосредоточившись вместо того на более слабых видах, которыми можно манипулировать без лишней угрозы для самих себя. В этот момент появляется Луи вместе с Мел и настаивает на том, что эксперименты должны быть остановлены. Процент успеха так мал, что не может оправдать количество жертв. Райган отказывает слушать их, и когда Рауш берёт под свой контроль системы Института, она отправляет охрану, чтобы остановить его. Впрочем, теперь Рауш и его сторонники обладают численным преимуществом, и тогда Рауш устанавливает в Институте Состояние Временного Перемирия: оружие охранников перестаёт действовать. Райган в ярости возвращается в контрольное помещение, чтобы связаться с АНВ и потребовать подкрепления. Клайст помогает Доктору позаботиться о Шакре, который всё ещё пытается сопротивляться сознанию, что переписывает его разум. К счастью — в отличие от других жертв экспериментов Клайст — его не охватила жестокость; пока сознание находилось внутри разума Доктора, оно соединилось с ТАРДИС через их симбиотическую связь , и полностью функционирующая ТАРДИС немного успокоила его. К несчастью, Доктору и Клайст некуда поместить сознание, если они извлекут его из Шокры, поскольку оно уже настолько развилось, что не может быть возвращено в блок-трансферные генераторы. Помещение его внутрь другого живого существа сотрёт его разум. Однако, пока Шокра изо всех сил пытается общаться с ними, Мел понимает, что он предлагает поместить сознание внутрь самого Института — пусть он и не может перемещаться во времени, но всё же является такой же блок-трансферной конструкцией, как и ТАРДИС, и способен удержать внутри подобный интеллект. Доктор и Клайст подключаются к сети Института, но Клайст говорит, что даже если она согласится закрыть эксперимент сейчас, то обладающий достаточными навыками обращения с зондом разума техник с легкостью извлечёт все технические детали из их воспоминаний, и АНВ сможет и без неё продолжить работу в том же направлении. Она также говорит о том, что эту проблему можно решить, если загрузить сознание и в неё саму, но Доктор отказывается позволить Клайст совершить по сути самоубийство. Они закончат свою работу и извлекут из Шокры ИИ, но, не позволяя Доктору остановить её, Клайст хватается за пульт управления и загружает в собственный разум одно из созданных сознаний, переписывая таким образом собственную личность и стирая свои воспоминания. Рауш появляется как раз вовремя, чтобы успокоить только что появившуюся форму жизни, пока она не успела нанести себе вред, и объясняет, что ТАРДИС Доктора обратилась к нему в момент его «рождения», подарила покой и научила жить внутри ограничений его нового тела. Он передаёт это знание другим из его рода, и теперь и он, и сознание внутри Клайст смогут помочь другим жертвам экспериментов. Луи и таксист сталкиваются в контрольной комнате с Райган, где таксист пытается силой заставить Райган отойти от коммуникационной консоли. Когда она отказывается, Луи стреляет в неё из стазера, но только оглушает — он попытается всё объяснить ей и урезонить её, когда они вернутся на Галлифрей. Когда Институт будет оснащён космическими двигателями, новосозданные существа смогут сбежать, воспользовавшись технологиями, которыми поделилась с ними ТАРДИС Доктора. Однако перед тем, как отправиться в путь, они соглашаются отпустить всех, кто согласен вернуться на Галлифрей. Доктор и Мел желают им всего хорошего и обещают однажды вернуться, чтобы проверить, как у них дела. Таксист решает остаться и помочь здесь, поскольку никаких причин немедленно возвращаться на Землю у него нет, а тем, кто находится в Институте, не помешает человек с трезвым рассудком. Уже уходя, Мел вспоминает, что так и не узнала имя её нового друга, но он решает остаться для неё безымянным. "
"https://tardis.fandom.com/ru/wiki/%D0%A1%D0%BF%D0%B8%D1%81%D0%BE%D0%BA_%D0%B0%D0%BA%D1%82%D1%91%D1%80%D0%BE%D0%B2,_%D1%81%D1%8B%D0%B3%D1%80%D0%B0%D0%B2%D1%88%D0%B8%D1%85_%D0%BD%D0%B5%D0%B1%D0%BE%D0%BB%D1%8C%D1%88%D0%B8%D0%B5_%D1%80%D0%BE%D0%BB%D0%B8","
					Список актёров, сыгравших небольшие роли				","В список включены исполнившие небольшие роли малоизвестные актёры, фильмография которых за пределами « Доктора Кто » либо мала, либо пуста. "
https://tardis.fandom.com/ru/wiki/%D0%9D%D0%B8%D0%BA%D0%BA%D0%B8_%D0%A3%D0%B8%D0%BB%D1%81%D0%BE%D0%BD,"
					Никки Уилсон				","Никки Уилсон Nikki Wilson Работа: Продюсер Серийный продюсер Исполнительный продюсер Редактор сценариев Карьера Другие работы: Чисто английское убийство (2003) New Street Law (2007) Вверх и вниз по лестнице (2010) Катастрофа (2011-13) Волшебники против пришельцев (2014) A Midsummer Night's Dream (2016) Никки Уилсон , до замужества известная как Никки Смит — британский продюсер, вместе с Расселлом Т Дэвисом работавшая над 2-4 сезонами « Приключений Сары Джейн », а также над некоторыми сериями « Доктора Кто » в период с 2008 по 2017 год. В серии « Не спите больше » (2015) озвучила голос компьютера. С 2018 года работает над « Доктором Кто » в должности ""серийного продюсера"". Вне « Доктора Кто » наиболее известна как продюсер медицинской драмы « Катастрофа », над которой она проработала с 2011 по 2013 год. "
https://tardis.fandom.com/ru/wiki/%D0%9E%D0%B1%D0%BE%D1%80%D0%BE%D1%82%D0%BD%D0%B8,"
					Оборотни				","Оборотни - раса людей, превращающихся при полнолунии в волков. Во втором сезоне в серии «Клык и коготь» оборотень был представлен как инопланетянин, который прибыл на метеорите, но тогда выжила всего одна клетка неземного организма. За 300 лет волк-оборотень полностью восстановился, но для существования ему требовался «сосуд», человеческое тело, где мог бы обитать его разум. Для этого служители Культа Волка раз в поколение похищали ребёнка из окрестных деревень. Чтобы держать Волка под контролем последователи Культа привили ему непереносимость омелы. "
https://tardis.fandom.com/ru/wiki/%D0%9D%D0%BE%D0%B2%D1%8B%D0%B5_%D0%BF%D1%80%D0%B8%D0%BA%D0%BB%D1%8E%D1%87%D0%B5%D0%BD%D0%B8%D1%8F_%D0%91%D0%B5%D1%80%D0%BD%D0%B8%D1%81_%D0%A1%D0%B0%D0%BC%D0%BC%D0%B5%D1%80%D1%84%D0%B8%D0%BB%D0%B4_(%D0%B0%D1%83%D0%B4%D0%B8%D0%BE%D1%81%D0%B5%D1%80%D0%B8%D0%B0%D0%BB),"
					Новые приключения Бернис Саммерфилд (аудиосериал)				","Новые приключения Бернис Саммерфилд The New Adventures of Bernice Summerfield аудиосериал от Big Finish Productions Герои: Бернис Саммерфилд Участвуют: Седьмой Доктор и Эйс альтернативный Доктор Производственная информация Издатель: Big Finish Productions Режиссёр: Скотт Хэндкок Продюсер: Джеймс Госс Дата выхода: 13 июня 2014 - настоящее время Формат: 5 сезонов 20 часовых аудиопьес Новые приключения Бернис Саммерфилд — серия аудиопьес от компании Big Finish Productions , выходившая с 2014 года, продолжившая спин-офф « Бернис Саммерфилд ». Первые два бокс-сета показали воссоединение Бернис Саммерфилд с Седьмым Доктором и Эйс впервые после их путешествий в романах из серии « Новые приключения », а также их противостояние далекам в 1 сезоне и Сутеху во 2-ом. В следующих трёх бокс-сетах были показаны приключения Бернис с альтернативным Доктором в исполнении Дэвида Уорнера , который ранее появлялся в двух аудиопьесах из серии « Доктор Кто: Безграничный »: « Симпатия к дьяволу » (2003) и « Повелители войны » (2008). Сюжетная арка развивается в параллельной вселенной, откуда родом этот Доктор, которая погибает в результате масштабной войны. "
https://tardis.fandom.com/ru/wiki/%D0%A2%D0%B0%D0%B9%D0%BD%D0%BE%D0%B5_%D0%B2%D0%BE%D0%B7%D0%B2%D1%80%D0%B0%D1%89%D0%B5%D0%BD%D0%B8%D0%B5,"
					Тайное возвращение				","Тайное возвращение Slipback Аудиопьеса BBC Radio Доктор: Шестой Доктор Спутники: Пери Браун Враги: Компьютер Место: Космический корабль Вайпод Мор ТАРДИС Доктора Производственная информация Издатель: BBC Audio Автор: Эрик Савард Продюсер: Пол Спенсер Дата выхода: 25 июля - 8 августа 1985 Формат: 6 эпизодов по 10 мин. BBC Radio : Доктор Кто ← Предыдущее Следующее → Исследование Земли: Машина времени Рай смерти Тайное возвращение — первая аудиопьеса по « Доктору Кто », произведённая специально для радио. Она вышла на BBC Radio и была написана Эриком Савардом - автором многих серий сериала. Производство и выход пьесы были намечены на середину 1985 года , когда между 22 и 23 сезонами сериала произошёл слишком большой перерыв из-за полного пересмотра планов на 23 сезон, которому урезали количество серий. Это была пьеса с полным актёрским составам, в которой Колин Бейкер и Никола Брайант вернулись к ролям Шестого Доктора и Пери Браун . "
https://tardis.fandom.com/ru/wiki/%D0%9D%D0%B5%D0%BD%D0%B0%D1%81%D1%8B%D1%82%D0%BD%D1%8B%D0%B5_(%D0%B0%D1%83%D0%B4%D0%B8%D0%BE%D1%81%D0%B5%D1%80%D0%B8%D0%B0%D0%BB),"
					Ненасытные (аудиосериал)				","Ненасытные Ravenous Big Finish Productions : аудиосериал Доктор: Восьмой Доктор Спутники: Лив Ченка и Хелен Синклер Участвуют: Одиннадцать Враги: Ненасытные Производственная информация Издатель: Big Finish Productions Автор: Джон Дорни , Мэтт Фиттон , Гай Адамс Режиссёр: Кен Бентли Продюсер: Дэвид Ричардсон Композитор: Джейми Робертсон Дата выхода: апрель 2018 - октябрь 2019 Формат: 16 аудиопьес по 60 мин. Аудиосериалы Восьмого Доктора ← Предыдущее Следующее → Роковая коалиция Застрявшие Ненасытные — аудиосериал с Восьмым Доктором от компании Big Finish Productions , выходящий с 2018 по 2019 год и образующий единую сюжетную арку, состоящую из 16 часовых историй, распределённых в 4 сезона. События сериала продолжают сюжетную арку « Роковой коалиции » и рассказывают о приключениях Восьмого Доктора с Лив Ченкой и Хелен Синклер , которые вновь сталкиваются с Повелителем Времени Одиннадцать и противостоят угрозе от Ненасытных , существ из галлифрейских легенд. Параллельно с «Ненасытными» выходит аудиосериал с более поздней версией Восьмого Доктора, который участвует в событиях Война Времени. "
https://tardis.fandom.com/ru/wiki/%D0%92%D0%BE%D0%B2%D1%81%D0%B5_%D0%BD%D0%B5%D1%82!_(%D0%B0%D1%83%D0%B4%D0%B8%D0%BE_%D0%B8%D1%81%D1%82%D0%BE%D1%80%D0%B8%D1%8F),"
					Вовсе нет! (аудио история)				","Вовсе нет! — 1 аудиопьеса 1 сезона « Бернис Саммерфилд », а также первый релиз, выпущенный компанией Big Finish Productions после получения лицензии на Бернис Саммерфилд , профессора археологии из 26 века и спутницы Седьмого Доктора из книг « Новые приключения ». История является адаптацией одноимённого романа Пола Корнелла , создателя Бернис, из книжной спин-оффной серии « Новые приключения Бернис Саммерфилд ». Лиза Боуэрман здесь впервые сыграла Бернис Саммерфилд. Также в роли Вулзи , кота Бернис, который получил способность говорить в «волшебной стране», появился Николас Кортни , наиболее известный ролью Бригадира Летбридж-Стюарта . Второстепенные роли сыграли Николас Бриггс и Марк Гейтисс , которые в будущем станут вовлечены в создание « Доктора Кто ». Что может пойти не так с исследованием Бернис Саммерфилд погибшей цивилизации Перфектона? Ничего, кажется - пока экспедиция не покинет планету и не обнаружит, что прямо на них летит ракета. Вместо забвения, Бенни оказывается погружена в странный мир, который, как она считает, является загробной жизнью… "
https://tardis.fandom.com/ru/wiki/%D0%94%D0%B5%D0%BD%D1%8C_%D0%94%D1%80%D1%83%D0%B3%D0%BE%D0%B3%D0%BE,"
					День Другого				","День Другого — ежегодный галлифрейский праздник в честь Другого , который был одним из основателей общества Повелителей Времени . Празднование его совпадало с именинами Доктора. На другой канун этого праздника Доктор покинул Галлифрей. (ПРОЗА: Лангбэрроу ) "
